view,family,batch,states,screenshot,test,scope,source
RootView,startup,W10a,first-launch;restored,00-launch.png;72-onboarding.png,ScreenshotTourUITests;new-v47-startup-tests,production,QiuJi/App/RootView.swift
MainTabView,navigation,W15a,guest;free;pro,01-training-home.png;05-drill-library.png;08-angle-home-all.png;40-history-calendar.png;50-profile-top.png,ScreenshotTourUITests;testV47TabRootsHaveNoNavigationTitle,production,QiuJi/App/MainTabView.swift
TrainingHomeView,training,W3,empty;standard;active;error,01-training-home.png,TrainingHomeViewModelTests;plan-entry-smoke,production,QiuJi/Features/Training/Views/TrainingHomeView.swift
PlanListView,training,W3,free;pro;empty,03-plan-list.png,TrainingHomeViewModelTests;plan-entry-smoke,production,QiuJi/Features/Training/Views/PlanListView.swift
PlanDetailView,training,W4,free;pro;active;locked,04-plan-detail.png,plan-view-create-edit-cancel,production,QiuJi/Features/Training/Views/PlanDetailView.swift
CustomPlanBuilderView,training,W4,empty;editing;validation;keyboard,04b-custom-plan-builder.png,plan-view-create-edit-cancel,production,QiuJi/Features/Training/Views/CustomPlanBuilderView.swift
ActiveTrainingView,training-flow,W5,running;paused;error;restored,planned:active-training,P4_TrainingLogUITests;S5_TrainingPagesLayoutUITests,production,QiuJi/Features/Training/Views/ActiveTrainingView.swift
DrillRecordView,training-flow,W5,empty;editing;keyboard;validation,planned:drill-record,P4_TrainingLogUITests;S5_TrainingPagesLayoutUITests,production,QiuJi/Features/Training/Views/DrillRecordView.swift
TrainingNoteView,training-flow,W5,empty;editing;keyboard;error,planned:training-note,P4_TrainingLogUITests,production,QiuJi/Features/Training/Views/TrainingNoteView.swift
TrainingSummaryView,training-flow,W6,standard;long-note;share,planned:training-summary,P4_TrainingLogUITests;S5_TrainingPagesLayoutUITests,production,QiuJi/Features/Training/Views/TrainingSummaryView.swift
TrainingShareView,training-flow,W6,default;alternate-background;save-error,planned:training-share,W1_ShareSavePhotosUITests,production,QiuJi/Features/Training/Views/TrainingShareView.swift
DrillListView,drill-library,W7a,standard;search;filtered;empty;locked,05-drill-library.png,P3_DrillLibraryUITests,production,QiuJi/Features/DrillLibrary/Views/DrillListView.swift
FavoriteDrillsView,drill-library,W7a,standard;empty;locked,56-profile-favorites.png,P3_DrillLibraryUITests,production,QiuJi/Features/Profile/Views/FavoriteDrillsView.swift
DrillDetailView,drill-library,W7b,standard;multi-formation;locked,06-drill-detail-top.png;07-drill-detail-bottom.png,DrillTryoutUITests;V31W2MultiFormationUITests,production,QiuJi/Features/DrillLibrary/Views/DrillDetailView.swift
DrillTutorialView,drill-library,W7b,standard;multi-formation;viewer,07b-drill-tutorial.png,V31W2MultiFormationUITests,production,QiuJi/Features/DrillLibrary/Views/DrillTutorialView.swift
AngleHomeView,practice-root,W15a,all;learn;theory;train;play;solve,08-angle-home-all.png;08a-angle-home-learn.png;08a2-angle-home-theory.png;08b-angle-home-train.png;08c-angle-home-play.png;08d-angle-home-solve.png,ScreenshotTourUITests,production,QiuJi/Features/AngleTraining/Views/AngleHomeView.swift
HistoryCalendarView,history,W8,empty;standard;error;free;pro,40-history-calendar.png,P6_HistoryStatsUITests,production,QiuJi/Features/History/Views/HistoryCalendarView.swift
StatisticsView,history,W8,empty;standard;error;free;pro,41-history-statistics.png,P6_HistoryStatsUITests,production,QiuJi/Features/History/Views/StatisticsView.swift
TrainingDetailView,history-detail,W9,standard;long-note;delete,planned:training-detail,V29W2aHistoryDetailUITests,production,QiuJi/Features/History/Views/TrainingDetailView.swift
AngleSessionDetailView,history-detail,W9,standard;long-answer,planned:angle-session-detail,new-v47-angle-detail-tests,production,QiuJi/Features/AngleTraining/Views/AngleSessionDetailView.swift
TrainingDataEditorView,history-detail,W9,editing;validation;save-error;keyboard,planned:training-data-editor,V29W2bTrainingDataEditUITests,production,QiuJi/Features/History/Views/TrainingDataEditorView.swift
ProfileView,profile,W10a,guest;free;pro;scrolled,50-profile-top.png;51-profile-scrolled.png,P8_ProfileSettingsUITests,production,QiuJi/Features/Profile/Views/ProfileView.swift
LoginView,auth,W10a,default;loading;error,70-login.png,P8_ProfileSettingsUITests;new-v47-auth-error-tests,production,QiuJi/Features/Profile/Views/LoginView.swift
PhoneLoginView,auth,W10a,default;focused;validation;error,71-phone-login.png,new-v47-auth-error-tests,production,QiuJi/Features/Profile/Views/PhoneLoginView.swift
OnboardingView,auth,W10a,first;middle;final,72-onboarding.png,new-v47-startup-tests,production,QiuJi/Features/Profile/Views/OnboardingView.swift
PersonalInfoView,profile,W10b,guest;logged-in;editing;error,52-profile-personal-info.png,P8_ProfileSettingsUITests,production,QiuJi/Features/Profile/Views/PersonalInfoView.swift
TrainingGoalView,profile,W10b,default;editing;validation,53-profile-training-goal.png,P8_ProfileSettingsUITests,production,QiuJi/Features/Profile/Views/TrainingGoalView.swift
SettingsView,profile,W10b,default;reduce-motion;reduce-transparency,54-profile-settings.png,P8_ProfileSettingsUITests,production,QiuJi/Features/Profile/Views/SettingsView.swift
AboutView,profile,W10b,default;long-text,55-profile-about.png,P8_ProfileSettingsUITests,production,QiuJi/Features/Profile/Views/AboutView.swift
SubscriptionView,profile,W10b,loading;products;purchase-error;restore-error,planned:subscription,P7_SubscriptionUITests,production,QiuJi/Features/Profile/Views/SubscriptionView.swift
SubscriptionStatusView,profile,W10b,free;active;expired,57-subscription-status.png,P7_SubscriptionUITests,production,QiuJi/Features/Profile/Views/SubscriptionStatusView.swift
AimingPrincipleView,learn,W11a,top;middle;bottom,09-aiming-principle.png,ScreenshotTourUITests,production,QiuJi/Features/AngleTraining/Views/AimingPrincipleView.swift
AimingMethodsView,learn,W11a,top;middle;bottom,09b-aiming-methods.png,ScreenshotTourUITests,production,QiuJi/Features/AngleTraining/Views/AimingMethodsView.swift
AimingCorrectionView,learn,W11a,top;interactive;bottom,09c-aiming-correction.png,AimingCorrectionZ1UITests;AimingCorrectionZ2UITests;AimingCorrectionZ3UITests,production,QiuJi/Features/AngleTraining/Views/AimingCorrectionView.swift
SpinAndEnglishView,learn,W11a,top;interactive;bottom,09d-spin-and-english.png,SpinAndEnglishZ4UITests,production,QiuJi/Features/AngleTraining/Views/SpinAndEnglishView.swift
SeparationAngleAtlasView,learn,W11b,default;selected,09e-separation-angle-atlas.png,ScreenshotTourUITests,production,QiuJi/Features/AngleTraining/Views/SeparationAngleAtlasView.swift
CushionEnglishAtlasView,learn,W11b,default;selected,09f-cushion-english-atlas.png,ScreenshotTourUITests,production,QiuJi/Features/AngleTraining/Views/CushionEnglishAtlasView.swift
AngleDynamicView,learn,W11b,top;middle;bottom,10-angle-dynamic.png,ScreenshotTourUITests,production,QiuJi/Features/AngleTraining/Views/AngleDynamicView.swift
BallFeelView,learn,W11b,top;middle;bottom,11-ball-feel.png,ScreenshotTourUITests,production,QiuJi/Features/AngleTraining/Views/BallFeelView.swift
ContactPointTableView,learn,W11b,top;middle;bottom,12-contact-point-table.png,ScreenshotTourUITests,production,QiuJi/Features/AngleTraining/Views/ContactPointTableView.swift
TheoryIndexView,theory,W12a,standard;unpublished-lock,planned:theory-index,V30W0TheoryIndexUITests,production,QiuJi/Features/AngleTraining/Theory/TheoryIndexView.swift
TheoryT01View,theory,W12a,top;middle;bottom,12c-theory-t01.png,V30W1TheoryPageUITests,production,QiuJi/Features/AngleTraining/Theory/TheoryT01View.swift
TheoryT02View,theory,W12a,top;middle;bottom,12d-theory-t02.png,V30W1TheoryPageUITests,production,QiuJi/Features/AngleTraining/Theory/TheoryT02View.swift
TheoryT03View,theory,W12a,top;middle;bottom,12e-theory-t03.png,V30W1TheoryPageUITests,production,QiuJi/Features/AngleTraining/Theory/TheoryT03View.swift
TheoryT04View,theory,W12a,top;middle;bottom,12f-theory-t04.png,V30W1TheoryPageUITests,production,QiuJi/Features/AngleTraining/Theory/TheoryT04View.swift
TheoryT05View,theory,W12b,top;middle;bottom,12h-theory-t05.png,V30W2TheoryPageUITests,production,QiuJi/Features/AngleTraining/Theory/TheoryT05View.swift
TheoryT06View,theory,W12b,top;middle;bottom,12i-theory-t06.png,V30W2TheoryPageUITests,production,QiuJi/Features/AngleTraining/Theory/TheoryT06View.swift
TheoryT07View,theory,W12b,top;middle;bottom,12j-theory-t07.png,V30W3TheoryPageUITests,production,QiuJi/Features/AngleTraining/Theory/TheoryT07View.swift
TheoryT08View,theory,W12b,top;middle;bottom,12k-theory-t08.png,V30W3TheoryPageUITests,production,QiuJi/Features/AngleTraining/Theory/TheoryT08View.swift
TheoryT09View,theory,W12b,top;middle;bottom,12g-theory-t09.png,V30W4TheoryPageUITests,production,QiuJi/Features/AngleTraining/Theory/TheoryT09View.swift
TheoryT10View,theory,W12b,top;middle;bottom,12l-theory-t10.png,V30W4TheoryPageUITests,production,QiuJi/Features/AngleTraining/Theory/TheoryT10View.swift
TheoryFlowView,theory,W12c,top;middle;bottom,12m-theory-flow.png,V30W4TheoryPageUITests,production,QiuJi/Features/AngleTraining/Theory/TheoryFlowView.swift
TheoryQuickRefView,theory,W12c,top;middle;bottom,12n-theory-quickref.png,V30W4TheoryPageUITests,production,QiuJi/Features/AngleTraining/Theory/TheoryQuickRefView.swift
GeometricAngleQuizView,cognitive,W13,settings;question;result;limit,13-geometric-quiz.png,P5_AngleTrainingUITests,production,QiuJi/Features/AngleTraining/Views/GeometricAngleQuizView.swift
SceneAimingView,cognitive,W13,settings;question;result,14-scene-aiming-2d.png;15-scene-aiming-3d.png,P5_AngleTrainingUITests,production,QiuJi/Features/AngleTraining/Views/SceneAimingView.swift
AimPointTrainingView,cognitive,W13,settings;question;result,16-aimpoint-training.png,S3_AimPointUITests,production,QiuJi/Features/AngleTraining/Views/AimPointTrainingView.swift
AimPointSceneTrainingView,cognitive,W13,settings;question;result,17-aimpoint-scene-2d.png;18-aimpoint-scene-3d.png,S5_AimPointSceneV5UITests,production,QiuJi/Features/AngleTraining/Views/AimPointSceneTrainingView.swift
ShotSimulationView,dark-tool,W14a,default;manual;result;sheet,19-shot-simulation.png,S2_ShotPagesLayoutUITests;W9a_ShotPagesLayoutUITests,production,QiuJi/Features/AngleTraining/Views/ShotSimulationView.swift
PositionPlayComposerView,dark-tool,W14a,default;editing;playback;sheet,20-position-play-composer.png,S1_FreePlayLayoutUITests;W9a_ShotPagesLayoutUITests,production,QiuJi/Features/PositionPlay/Views/PositionPlayComposerView.swift
FreePlayView,dark-tool,W14a,break;playing;finished,21-free-play.png,S1_FreePlayLayoutUITests;X3_BreakFlowUITests,production,QiuJi/Features/PositionPlay/Views/FreePlayView.swift
BallExtractionView,dark-tool,W14a,picker;marking;confirm;error,22-ball-extraction.png,W4_BallPaletteUITests,production,QiuJi/Features/BallExtraction/Views/BallExtractionView.swift
BatchDrillStudioView,dark-tool,W14a,default;navigate-extract,23-batch-drill-studio.png,new-v47-batch-page-tests,simulator-only,QiuJi/Features/BatchDrillStudio/BatchDrillStudioCore.swift
BatchBallExtractionView,dark-tool,W14a,default;navigate-author,planned:batch-extraction,new-v47-batch-page-tests,simulator-only,QiuJi/Features/BatchDrillStudio/BatchBallExtractionView.swift
BatchAuthoringView,dark-tool,W14a,default;editing;export-error,planned:batch-authoring,new-v47-batch-page-tests,simulator-only,QiuJi/Features/BatchDrillStudio/BatchAuthoringView.swift
SiluTrainerView,dark-tool,W14b,default;result;toast,24-silu-trainer.png,W9a_ShotPagesLayoutUITests;X6_AdjustDraftUITests,production,QiuJi/Features/PositionPlay/Views/SiluTrainerView.swift
PlanThreeView,dark-tool,W14b,setup;playing;result,25-plan-three.png,S7_PlanThreeV7UITests;X6_AdjustDraftUITests,production,QiuJi/Features/PositionPlay/Views/PlanThreeView.swift
SnookerTacticsView,dark-tool,W14b,full;partial;none,26-snooker-tactics.png,S8_SnookerV8UITests;X6_AdjustDraftUITests,production,QiuJi/Features/SnookerTactics/Views/SnookerTacticsView.swift
BankShotView,dark-tool,W14b,default;solved;error,27-bank-shot.png,X5_BankKickSpinUITests,production,QiuJi/Features/AngleTraining/Views/BankShotView.swift
DiamondSystemView,dark-tool,W14b,default;solved;error,28-diamond-system.png,W9a_ShotPagesLayoutUITests,production,QiuJi/Features/AngleTraining/Views/DiamondSystemView.swift
