page_id,name,historical_type,batch,inventory_status,matrix_scope,note
APP/P01-01,五Tab导航与跨Tab训练胶囊/全屏会话壳,shell,N02/N10,NEEDS_REVALIDATION,N00确认适用五窗口与主题,旧图版本与入口待核
APP/P01-02,组间休息锁屏与灵动岛,system,N02/N10,NEEDS_REVALIDATION,N00确认适用五窗口与主题,旧图版本与入口待核
APP/P02-01,训练首页,screen,N03,NEEDS_REVALIDATION,N00确认适用五窗口与主题,旧图版本与入口待核
APP/P02-02,选择训练内容与排序,modal,N03,NEEDS_REVALIDATION,N00确认适用五窗口与主题,旧图版本与入口待核
APP/P02-03,首页计划进度调整失败,dialog,N03,NEEDS_REVALIDATION,N00确认适用五窗口与主题,旧图版本与入口待核
APP/P02-04,首页删除模版确认,dialog,N03,NEEDS_REVALIDATION,N00确认适用五窗口与主题,旧图版本与入口待核
APP/P03-01,训练计划货架,screen,N03,NEEDS_REVALIDATION,N00确认适用五窗口与主题,旧图版本与入口待核
APP/P03-02,货架删除模版确认,dialog,N03,NEEDS_REVALIDATION,N00确认适用五窗口与主题,旧图版本与入口待核
APP/P04-01,官方计划详情,screen,N03,NEEDS_REVALIDATION,N00确认适用五窗口与主题,旧图版本与入口待核
APP/P04-02,编排今天课程选择,modal,N03,NEEDS_REVALIDATION,N00确认适用五窗口与主题,旧图版本与入口待核
APP/P04-03,激活或替换官方计划确认,dialog,N03,NEEDS_REVALIDATION,N00确认适用五窗口与主题,旧图版本与入口待核
APP/P05-01,创建与编辑我的模版,screen,N03,NEEDS_REVALIDATION,N00确认适用五窗口与主题,旧图版本与入口待核
APP/P05-02,模版训练项目设置,modal,N03,NEEDS_REVALIDATION,N00确认适用五窗口与主题,旧图版本与入口待核
APP/P05-03,模版保存失败,dialog,N03,NEEDS_REVALIDATION,N00确认适用五窗口与主题,旧图版本与入口待核
APP/P06,共享动作选择器,modal,N03,NEEDS_REVALIDATION,N00确认适用五窗口与主题,旧图版本与入口待核
APP/P07-01,训练会话总览与单项记分,screen,N04,NEEDS_REVALIDATION,N00确认适用五窗口与主题,旧图版本与入口待核
APP/P07-02,组间休息覆盖卡,modal,N04,NEEDS_REVALIDATION,N00确认适用五窗口与主题,旧图版本与入口待核
APP/P07-03,单项休息时长设置,modal,N04,NEEDS_REVALIDATION,N00确认适用五窗口与主题,旧图版本与入口待核
APP/P07-04,结束或退出训练确认,dialog,N04,NEEDS_REVALIDATION,N00确认适用五窗口与主题,旧图版本与入口待核
APP/P07-05,训练记录保存失败,dialog,N04,NEEDS_REVALIDATION,N00确认适用五窗口与主题,旧图版本与入口待核
APP/P07-06,单项精讲不可用,dialog,N04,NEEDS_REVALIDATION,N00确认适用五窗口与主题,旧图版本与入口待核
APP/P07-07,记分自定义数字键盘,component,N04,NEEDS_REVALIDATION,N00确认适用五窗口与主题,旧图版本与入口待核
APP/P08-01,会话结束心得及历史心得编辑正文,screen,N04,NEEDS_REVALIDATION,N00确认适用五窗口与主题,旧图版本与入口待核
APP/P08-02,训练中心得草稿容器,shell,N04,NEEDS_REVALIDATION,N00确认适用五窗口与主题,旧图版本与入口待核
APP/P08-03,训练总结,screen,N04,NEEDS_REVALIDATION,N00确认适用五窗口与主题,旧图版本与入口待核
APP/P09-01,分享训练定制,modal,N04,NEEDS_REVALIDATION,N00确认适用五窗口与主题,旧图版本与入口待核
APP/P09-02,分享保存失败,dialog,N04,NEEDS_REVALIDATION,N00确认适用五窗口与主题,旧图版本与入口待核
APP/P09-03,相册添加权限请求,system,N04,NEEDS_REVALIDATION,N00确认适用五窗口与主题,旧图版本与入口待核
APP/P10-01,训练心得列表,screen,N04,NEEDS_REVALIDATION,N00确认适用五窗口与主题,旧图版本与入口待核
APP/P10-02,按日心得阅读与编辑,screen,N04,NEEDS_REVALIDATION,N00确认适用五窗口与主题,旧图版本与入口待核
APP/P10-03,日心得保存失败,dialog,N04,NEEDS_REVALIDATION,N00确认适用五窗口与主题,旧图版本与入口待核
APP/P11-01,补记训练与编辑补记,screen,N04,NEEDS_REVALIDATION,N00确认适用五窗口与主题,旧图版本与入口待核
APP/P11-02,超免费历史日期保存确认,dialog,N04,NEEDS_REVALIDATION,N00确认适用五窗口与主题,旧图版本与入口待核
APP/P11-03,补记保存失败,dialog,N04,NEEDS_REVALIDATION,N00确认适用五窗口与主题,旧图版本与入口待核
APP/P12-01,训练提醒设置,screen,N08,NEEDS_REVALIDATION,N00确认适用五窗口与主题,旧图版本与入口待核
APP/P12-02,提醒设置错误反馈,dialog,N08,NEEDS_REVALIDATION,N00确认适用五窗口与主题,旧图版本与入口待核
APP/P12-03,系统通知授权请求,system,N08,NEEDS_REVALIDATION,N00确认适用五窗口与主题,旧图版本与入口待核
APP/P12-04,提醒跳出系统App设置,external,N08,NEEDS_REVALIDATION,N00确认适用五窗口与主题,旧图版本与入口待核
APP/P12-05,训练提醒系统通知及点击返回,system,N08,NEEDS_REVALIDATION,N00确认适用五窗口与主题,旧图版本与入口待核
APP/P13,使用帮助,screen,N03,NEEDS_REVALIDATION,N00确认适用五窗口与主题,旧图版本与入口待核
APP/P14,动作库,screen,N05,NEEDS_REVALIDATION,N00确认适用五窗口与主题,旧图版本与入口待核
APP/P15-01,动作详情,screen,N05,NEEDS_REVALIDATION,N00确认适用五窗口与主题,旧图版本与入口待核
APP/P15-02,试打球形选择,modal,N05,NEEDS_REVALIDATION,N00确认适用五窗口与主题,旧图版本与入口待核
APP/P15-03,加入训练,modal,N05,NEEDS_REVALIDATION,N00确认适用五窗口与主题,旧图版本与入口待核
APP/P16-01,精讲阅读,screen,N05,NEEDS_REVALIDATION,N00确认适用五窗口与主题,旧图版本与入口待核
APP/P16-02,精讲全屏图片/视频查看器,modal,N05,NEEDS_REVALIDATION,N00确认适用五窗口与主题,旧图版本与入口待核
APP/P17,练习首页：学/理/练/打/解,screen,N06,NEEDS_REVALIDATION,N00确认适用五窗口与主题,旧图版本与入口待核
APP/P18-01,球理目录（已注册，生产触发未定位）,screen,N06,NEEDS_REVALIDATION,N00确认适用五窗口与主题,旧图版本与入口待核
APP/P18-02,30° 法则,screen,N06,NEEDS_REVALIDATION,N00确认适用五窗口与主题,旧图版本与入口待核
APP/P18-03,90° 法则,screen,N06,NEEDS_REVALIDATION,N00确认适用五窗口与主题,旧图版本与入口待核
APP/P18-04,切线法则,screen,N06,NEEDS_REVALIDATION,N00确认适用五窗口与主题,旧图版本与入口待核
APP/P18-05,母球速度分级,screen,N06,NEEDS_REVALIDATION,N00确认适用五窗口与主题,旧图版本与入口待核
APP/P18-06,反向规划,screen,N06,NEEDS_REVALIDATION,N00确认适用五窗口与主题,旧图版本与入口待核
APP/P18-07,关键球原理,screen,N06,NEEDS_REVALIDATION,N00确认适用五窗口与主题,旧图版本与入口待核
APP/P18-08,球团管理,screen,N06,NEEDS_REVALIDATION,N00确认适用五窗口与主题,旧图版本与入口待核
APP/P18-09,风险报酬决策矩阵,screen,N06,NEEDS_REVALIDATION,N00确认适用五窗口与主题,旧图版本与入口待核
APP/P18-10,最少加塞原则,screen,N06,NEEDS_REVALIDATION,N00确认适用五窗口与主题,旧图版本与入口待核
APP/P18-11,安全球三维度模型,screen,N06,NEEDS_REVALIDATION,N00确认适用五窗口与主题,旧图版本与入口待核
APP/P18-12,清台 5 步决策流程,screen,N06,NEEDS_REVALIDATION,N00确认适用五窗口与主题,旧图版本与入口待核
APP/P18-13,清台速查手册,screen,N06,NEEDS_REVALIDATION,N00确认适用五窗口与主题,旧图版本与入口待核
APP/P18-14,瞄准原理,screen,N06,NEEDS_REVALIDATION,N00确认适用五窗口与主题,旧图版本与入口待核
APP/P18-15,瞄准方法,screen,N06,NEEDS_REVALIDATION,N00确认适用五窗口与主题,旧图版本与入口待核
APP/P18-16,瞄准修正,screen,N06,NEEDS_REVALIDATION,N00确认适用五窗口与主题,旧图版本与入口待核
APP/P18-17,旋转与加塞,screen,N06,NEEDS_REVALIDATION,N00确认适用五窗口与主题,旧图版本与入口待核
APP/P18-18,瞄准点对照表,screen,N06,NEEDS_REVALIDATION,N00确认适用五窗口与主题,旧图版本与入口待核
APP/P18-19,浅谈球感,screen,N06,NEEDS_REVALIDATION,N00确认适用五窗口与主题,旧图版本与入口待核
APP/P19,记录日历/当日记录,screen,N07,NEEDS_REVALIDATION,N00确认适用五窗口与主题,旧图版本与入口待核
APP/P20,统计,screen,N07,NEEDS_REVALIDATION,N00确认适用五窗口与主题,旧图版本与入口待核
APP/P21-01,训练记录详情,modal,N07,NEEDS_REVALIDATION,N00确认适用五窗口与主题,旧图版本与入口待核
APP/P21-02,历史心得编辑外层sheet包装,shell,N07,NEEDS_REVALIDATION,N00确认适用五窗口与主题,旧图版本与入口待核
APP/P21-03,删除训练记录确认,dialog,N07,NEEDS_REVALIDATION,N00确认适用五窗口与主题,旧图版本与入口待核
APP/P21-04,训练详情操作失败,dialog,N07,NEEDS_REVALIDATION,N00确认适用五窗口与主题,旧图版本与入口待核
APP/P22-01,训练数据编辑,modal,N07,NEEDS_REVALIDATION,N00确认适用五窗口与主题,旧图版本与入口待核
APP/P22-02,编辑数据无法保存,dialog,N07,NEEDS_REVALIDATION,N00确认适用五窗口与主题,旧图版本与入口待核
APP/P23,认知/角度记录详情,modal,N07,NEEDS_REVALIDATION,N00确认适用五窗口与主题,旧图版本与入口待核
APP/P24-01,我的首页,screen,N08,NEEDS_REVALIDATION,N00确认适用五窗口与主题,旧图版本与入口待核
APP/P24-02,登录后云同步选择,dialog,N08,NEEDS_REVALIDATION,N00确认适用五窗口与主题,旧图版本与入口待核
APP/P24-03,游客数据合并确认,dialog,N08,NEEDS_REVALIDATION,N00确认适用五窗口与主题,旧图版本与入口待核
APP/P24-04,同步失败反馈,dialog,N08,NEEDS_REVALIDATION,N00确认适用五窗口与主题,旧图版本与入口待核
APP/P25-01,个人信息,screen,N08,NEEDS_REVALIDATION,N00确认适用五窗口与主题,旧图版本与入口待核
APP/P25-02,头像裁剪,modal,N08,NEEDS_REVALIDATION,N00确认适用五窗口与主题,旧图版本与入口待核
APP/P25-03,个人资料未保存,dialog,N08,NEEDS_REVALIDATION,N00确认适用五窗口与主题,旧图版本与入口待核
APP/P25-04,系统照片选择,system,N08,NEEDS_REVALIDATION,N00确认适用五窗口与主题,旧图版本与入口待核
APP/P26-01,训练目标,screen,N08,NEEDS_REVALIDATION,N00确认适用五窗口与主题,旧图版本与入口待核
APP/P26-02,残留无法开启提醒alert,dialog,N08,NEEDS_REVALIDATION,N00确认适用五窗口与主题,旧图版本与入口待核
APP/P27,收藏,screen,N05,NEEDS_REVALIDATION,N00确认适用五窗口与主题,旧图版本与入口待核
APP/P28-01,登录,modal,N08,NEEDS_REVALIDATION,N00确认适用五窗口与主题,旧图版本与入口待核
APP/P28-02,Apple登录系统授权,system,N08,NEEDS_REVALIDATION,N00确认适用五窗口与主题,旧图版本与入口待核
APP/P29-01,购买订阅,modal,N08,NEEDS_REVALIDATION,N00确认适用五窗口与主题,旧图版本与入口待核
APP/P29-02,购买页恢复结果,dialog,N08,NEEDS_REVALIDATION,N00确认适用五窗口与主题,旧图版本与入口待核
APP/P29-03,购买失败,dialog,N08,NEEDS_REVALIDATION,N00确认适用五窗口与主题,旧图版本与入口待核
APP/P29-04,StoreKit系统购买,system,N08,NEEDS_REVALIDATION,N00确认适用五窗口与主题,旧图版本与入口待核
APP/P29-05,StoreKit恢复同步系统调用,system,N08,NEEDS_REVALIDATION,N00确认适用五窗口与主题,旧图版本与入口待核
APP/P30-01,订阅/Pro权益管理,screen,N08,NEEDS_REVALIDATION,N00确认适用五窗口与主题,旧图版本与入口待核
APP/P30-02,权益管理恢复结果,dialog,N08,NEEDS_REVALIDATION,N00确认适用五窗口与主题,旧图版本与入口待核
APP/P30-03,Apple外部订阅管理,external,N08,NEEDS_REVALIDATION,N00确认适用五窗口与主题,旧图版本与入口待核
APP/P31,认识球迹/产品介绍,modal,N08,NEEDS_REVALIDATION,N00确认适用五窗口与主题,旧图版本与入口待核
APP/P32-01,关于与反馈,screen,N08,NEEDS_REVALIDATION,N00确认适用五窗口与主题,旧图版本与入口待核
APP/P32-02,系统评分请求,system,N08,NEEDS_REVALIDATION,N00确认适用五窗口与主题,旧图版本与入口待核
APP/P32-03,邮件反馈外部客户端,external,N08,NEEDS_REVALIDATION,N00确认适用五窗口与主题,旧图版本与入口待核
APP/P32-04,用户协议外部页面,external,N08,NEEDS_REVALIDATION,N00确认适用五窗口与主题,旧图版本与入口待核
APP/P32-05,隐私政策外部页面,external,N08,NEEDS_REVALIDATION,N00确认适用五窗口与主题,旧图版本与入口待核
APP/P33-01,全局设置,screen,N08,NEEDS_REVALIDATION,N00确认适用五窗口与主题,旧图版本与入口待核
APP/P33-02,清除缓存确认,dialog,N08,NEEDS_REVALIDATION,N00确认适用五窗口与主题,旧图版本与入口待核
APP/P33-03,注销账号确认,dialog,N08,NEEDS_REVALIDATION,N00确认适用五窗口与主题,旧图版本与入口待核
APP/P33-04,注销失败,dialog,N08,NEEDS_REVALIDATION,N00确认适用五窗口与主题,旧图版本与入口待核
APP/P34-01,球房风格,screen,N08,NEEDS_REVALIDATION,N00确认适用五窗口与主题,旧图版本与入口待核
APP/P34-02,球桌风格,screen,N08,NEEDS_REVALIDATION,N00确认适用五窗口与主题,旧图版本与入口待核
APP/P34-03,台呢颜色,screen,N08,NEEDS_REVALIDATION,N00确认适用五窗口与主题,旧图版本与入口待核
APP/P35-01,球贴纸,screen,N08,NEEDS_REVALIDATION,N00确认适用五窗口与主题,旧图版本与入口待核
APP/P35-02,球杆外观,screen,N08,NEEDS_REVALIDATION,N00确认适用五窗口与主题,旧图版本与入口待核
APP/P36,每日清台及局内面板边界,external,N09,NEEDS_REVALIDATION,N00确认适用五窗口与主题,旧图版本与入口待核
APP/P37,专用球桌/求解/拍照建球形/训练边界,external,N09,NEEDS_REVALIDATION,N00确认适用五窗口与主题,旧图版本与入口待核
APP/P38-01,手机号登录测试保留页,internal,N10,NEEDS_REVALIDATION,N00确认适用五窗口与主题,旧图版本与入口待核
APP/P38-02,批量出片工作室入口,internal,N10,NEEDS_REVALIDATION,N00确认适用五窗口与主题,旧图版本与入口待核
APP/P38-03,RootView测试深链和取证宿主集合,internal,N10,NEEDS_REVALIDATION,N00确认适用五窗口与主题,旧图版本与入口待核
APP/P38-04,模拟器开发者Pro开关/解锁按钮,internal,N10,NEEDS_REVALIDATION,N00确认适用五窗口与主题,旧图版本与入口待核
